Workbook

Sheet Planilha3
A3: Contagem de CHAVE | B3: Rótulos de Coluna
A4: Pedidos parados na base | B4: 590 | C4: 1030 | D4: 1100 | E4: (vazio) | F4: Total Geral
A5: EM PROCESSO DE DEVOLUÇÃO | D5: 1 | F5: 1
A6: ENTREGA PROGRAMADA | D6: 1 | F6: 1
A7: PENDENCIA | B7: 5 | D7: 24 | F7: 29
A8: PROXIMA ROTA | C8: 1 | D8: 3 | F8: 4
A9: PROXIMA ROTA - INTERIOR | B9: 5 | D9: 13 | F9: 18
A10: (vazio)
A11: Total Geral | B11: 10 | C11: 1 | D11: 42 | F11: 53

Sheet Plan1
A1: NF | B1: CHAVE | C1: OCORRENCIA | D1: CD/FILIAL | E1: DATA ENTRADA | F1: PEDIDO
A2: 837506 | B2: 52261047960950110733550070008375061054708359 | C2: ENTREGA PROGRAMADA | D2: =VLOOKUP(A2,Planilha1!B:E,4,0) -> 1100 | E2: =VLOOKUP(A2,Planilha1!B:G,6,0) -> 46316 | F2: =INDEX(Planilha1!A:A,MATCH(Plan1!A2,Planilha1!B:B,0)) -> 1187418754
A3: 831572 | B3: 52261047960950110733550070008315721032568030 | C3: PENDENCIA | D3: =VLOOKUP(A3,Planilha1!B:E,4,0) -> 1100 | E3: =VLOOKUP(A3,Planilha1!B:G,6,0) -> 46312 | F3: =INDEX(Planilha1!A:A,MATCH(Plan1!A3,Planilha1!B:B,0)) -> 1186126117
A4: 840313 | B4: 52261047960950110733550070008403131051529327 | C4: PENDENCIA | D4: =VLOOKUP(A4,Planilha1!B:E,4,0) -> 1100 | E4: =VLOOKUP(A4,Planilha1!B:G,6,0) -> 46317 | F4: =INDEX(Planilha1!A:A,MATCH(Plan1!A4,Planilha1!B:B,0)) -> 1187751980
A5: 836159 | B5: 52261047960950110733550070008361591059140358 | C5: PENDENCIA | D5: =VLOOKUP(A5,Planilha1!B:E,4,0) -> 1100 | E5: =VLOOKUP(A5,Planilha1!B:G,6,0) -> 46315 | F5: =INDEX(Planilha1!A:A,MATCH(Plan1!A5,Planilha1!B:B,0)) -> 1187255273
A6: 835315 | B6: 52261047960950110733550070008353151020388539 | C6: PENDENCIA | D6: =VLOOKUP(A6,Planilha1!B:E,4,0) -> 1100 | E6: =VLOOKUP(A6,Planilha1!B:G,6,0) -> 46315 | F6: =INDEX(Planilha1!A:A,MATCH(Plan1!A6,Planilha1!B:B,0)) -> 1187183753
A7: 829361 | B7: 52261047960950110733550070008293611051270405 | C7: PENDENCIA | D7: =VLOOKUP(A7,Planilha1!B:E,4,0) -> 1100 | E7: =VLOOKUP(A7,Planilha1!B:G,6,0) -> 46311 | F7: =INDEX(Planilha1!A:A,MATCH(Plan1!A7,Planilha1!B:B,0)) -> 1186322301
A8: 832311 | B8: 52261047960950110733550070008323111029284725 | C8: PENDENCIA | D8: =VLOOKUP(A8,Planilha1!B:E,4,0) -> 1100 | E8: =VLOOKUP(A8,Planilha1!B:G,6,0) -> 46312 | F8: =INDEX(Planilha1!A:A,MATCH(Plan1!A8,Planilha1!B:B,0)) -> 1186823175
A9: 799509 | B9: 52260947960950110733550070007995091052703546 | C9: PENDENCIA | D9: =VLOOKUP(A9,Planilha1!B:E,4,0) -> 1100 | E9: =VLOOKUP(A9,Planilha1!B:G,6,0) -> 46294 | F9: =INDEX(Planilha1!A:A,MATCH(Plan1!A9,Planilha1!B:B,0)) -> 1182675812
A10: 836205 | B10: 52261047960950110733550070008362051043826586 | C10: PENDENCIA | D10: =VLOOKUP(A10,Planilha1!B:E,4,0) -> 1100 | E10: =VLOOKUP(A10,Planilha1!B:G,6,0) -> 46315 | F10: =INDEX(Planilha1!A:A,MATCH(Plan1!A10,Planilha1!B:B,0)) -> 1187296922
A11: 611384 | B11: 35261047960950089351550130006113841085856324 | C11: PENDENCIA | D11: =VLOOKUP(A11,Planilha1!B:E,4,0) -> 590 | E11: =VLOOKUP(A11,Planilha1!B:G,6,0) -> 46314 | F11: =INDEX(Planilha1!A:A,MATCH(Plan1!A11,Planilha1!B:B,0)) -> 1186169530
A12: 41320 | B12: 41261047960950177056550060000413201046671469 | C12: PENDENCIA | D12: =VLOOKUP(A12,Planilha1!B:E,4,0) -> 590 | E12: =VLOOKUP(A12,Planilha1!B:G,6,0) -> 46314 | F12: =INDEX(Planilha1!A:A,MATCH(Plan1!A12,Planilha1!B:B,0)) -> 1183934679
A13: 597663 | B13: 35261047960950089351550130005976631014116174 | C13: PENDENCIA | D13: =VLOOKUP(A13,Planilha1!B:E,4,0) -> 590 | E13: =VLOOKUP(A13,Planilha1!B:G,6,0) -> 46311 | F13: =INDEX(Planilha1!A:A,MATCH(Plan1!A13,Planilha1!B:B,0)) -> 1185876269
... A24: 756927 | B24: 52260947960950110733550070007569271058934894 | C24: PENDENCIA | D24: =VLOOKUP(A24,Planilha1!B:E,4,0) -> 1100 | E24: =VLOOKUP(A24,Planilha1!B:G,6,0) -> 46272 | F24: =INDEX(Planilha1!A:A,MATCH(Plan1!A24,Planilha1!B:B,0)) -> 1176016588
A25: 726472 | B25: 52260847960950110733550070007264721082890943 | C25: PENDENCIA | D25: 1100 | E25: =VLOOKUP(A25,Planilha1!B:G,6,0) -> #N/A | F25: =INDEX(Planilha1!A:A,MATCH(Plan1!A25,Planilha1!B:B,0)) -> #N/A
A26: 259893 | B26: 35260400349443000435551000002598931177583463 | C26: PENDENCIA | D26: 1100 | E26: =VLOOKUP(A26,Planilha1!B:G,6,0) -> #N/A | F26: =INDEX(Planilha1!A:A,MATCH(Plan1!A26,Planilha1!B:B,0)) -> #N/A
A27: 796404 | B27: 52260947960950110733550070007964041029614308 | C27: PENDENCIA | D27: =VLOOKUP(A27,Planilha1!B:E,4,0) -> 1100 | E27: =VLOOKUP(A27,Planilha1!B:G,6,0) -> 46293 | F27: =INDEX(Planilha1!A:A,MATCH(Plan1!A27,Planilha1!B:B,0)) -> 1182354986
A28: 738223 | B28: 52260847960950110733550070007382231041286682 | C28: PENDENCIA | D28: 1100 | E28: =VLOOKUP(A28,Planilha1!B:G,6,0) -> #N/A | F28: =INDEX(Planilha1!A:A,MATCH(Plan1!A28,Planilha1!B:B,0)) -> #N/A
A29: 813252 | B29: 52261047960950110733550070008132521011904122 | C29: PENDENCIA | D29: =VLOOKUP(A29,Planilha1!B:E,4,0) -> 1100 | E29: =VLOOKUP(A29,Planilha1!B:G,6,0) -> 46302 | F29: =INDEX(Planilha1!A:A,MATCH(Plan1!A29,Planilha1!B:B,0)) -> 1184612532
A30: 813252 | B30: 52261047960950110733550070008132521011904122 | C30: PENDENCIA | D30: =VLOOKUP(A30,Planilha1!B:E,4,0) -> 1100 | E30: =VLOOKUP(A30,Planilha1!B:G,6,0) -> 46302 | F30: =INDEX(Planilha1!A:A,MATCH(Plan1!A30,Planilha1!B:B,0)) -> 1184612532
A31: 807998 | B31: 52261047960950110733550070008079981089562256 | C31: PENDENCIA | D31: =VLOOKUP(A31,Planilha1!B:E,4,0) -> 1100 | E31: =VLOOKUP(A31,Planilha1!B:G,6,0) -> 46300 | F31: =INDEX(Planilha1!A:A,MATCH(Plan1!A31,Planilha1!B:B,0)) -> 1184041064
A32: 819680 | B32: 52261047960950110733550070008196801036220140 | C32: EM PROCESSO DE DEVOLUÇÃO | D32: =VLOOKUP(A32,Planilha1!B:E,4,0) -> 1100 | E32: =VLOOKUP(A32,Planilha1!B:G,6,0) -> 46305 | F32: =INDEX(Planilha1!A:A,MATCH(Plan1!A32,Planilha1!B:B,0)) -> 1185322066
A33: 816752 | B33: 52261047960950110733550070008167521029596358 | C33: PROXIMA ROTA - INTERIOR | D33: =VLOOKUP(A33,Planilha1!B:E,4,0) -> 1100 | E33: =VLOOKUP(A33,Planilha1!B:G,6,0) -> 46304 | F33: =INDEX(Planilha1!A:A,MATCH(Plan1!A33,Planilha1!B:B,0)) -> 1184121586
A34: 809305 | B34: 52261047960950110733550070008093051015708335 | C34: PROXIMA ROTA - INTERIOR | D34: =VLOOKUP(A34,Planilha1!B:E,4,0) -> 1100 | E34: =VLOOKUP(A34,Planilha1!B:G,6,0) -> 46300 | F34: =INDEX(Planilha1!A:A,MATCH(Plan1!A34,Planilha1!B:B,0)) -> 1184121945
A35: 840379 | B35: 52261047960950110733550070008403791031107429 | C35: PROXIMA ROTA - INTERIOR | D35: =VLOOKUP(A35,Planilha1!B:E,4,0) -> 1100 | E35: =VLOOKUP(A35,Planilha1!B:G,6,0) -> 46317 | F35: =INDEX(Planilha1!A:A,MATCH(Plan1!A35,Planilha1!B:B,0)) -> 1187748504
A36: 832337 | B36: 52261047960950110733550070008323371046024244 | C36: PROXIMA ROTA - INTERIOR | D36: =VLOOKUP(A36,Planilha1!B:E,4,0) -> 1100 | E36: =VLOOKUP(A36,Planilha1!B:G,6,0) -> 46312 | F36: =INDEX(Planilha1!A:A,MATCH(Plan1!A36,Planilha1!B:B,0)) -> 1186414964
A37: 2619 | B37: 35261041809726000157550030000026191464742541 | C37: PROXIMA ROTA - INTERIOR | D37: =VLOOKUP(A37,Planilha1!B:E,4,0) -> 590 | E37: =VLOOKUP(A37,Planilha1!B:G,6,0) -> 46268 | F37: =INDEX(Planilha1!A:A,MATCH(Plan1!A37,Planilha1!B:B,0)) -> 1565670102433049-1
A38: 836179 | B38: 52261047960950110733550070008361791019447056 | C38: PROXIMA ROTA - INTERIOR | D38: =VLOOKUP(A38,Planilha1!B:E,4,0) -> 1100 | E38: =VLOOKUP(A38,Planilha1!B:G,6,0) -> 46315 | F38: =INDEX(Planilha1!A:A,MATCH(Plan1!A38,Planilha1!B:B,0)) -> 1187252086
A39: 61450 | B39: 41261047960950177056550060000614501062802426 | C39: PROXIMA ROTA - INTERIOR | D39: =VLOOKUP(A39,Planilha1!B:E,4,0) -> 590 | E39: =VLOOKUP(A39,Planilha1!B:G,6,0) -> 46315 | F39: =INDEX(Planilha1!A:A,MATCH(Plan1!A39,Planilha1!B:B,0)) -> 1185697247
A40: 615752 | B40: 35261047960950089351550130006157521089155033 | C40: PROXIMA ROTA - INTERIOR | D40: =VLOOKUP(A40,Planilha1!B:E,4,0) -> 590 | E40: =VLOOKUP(A40,Planilha1!B:G,6,0) -> 46315 | F40: =INDEX(Planilha1!A:A,MATCH(Plan1!A40,Planilha1!B:B,0)) -> 1186568217
... A54: 48237 | B54: 52261047960950106620550010000482371053227098 | C54: PROXIMA ROTA | D54: =VLOOKUP(A54,Planilha1!B:E,4,0) -> 1030 | E54: =VLOOKUP(A54,Planilha1!B:G,6,0) -> 46317 | F54: =INDEX(Planilha1!A:A,MATCH(Plan1!A54,Planilha1!B:B,0)) -> 1187633471

Sheet Planilha1
A1: PEDIDO | B1: NF`s | C1: ROMANEIO/ID | D1: TRANSP / MOTO | E1: CD/FILIAL | F1: DATA_ROMANEIO | G1: DATA ENTRADA | H1: HORA | I1: PREVISÃO ENTREGA | J1: TIPO_FLUXO | K1: UUID-SISTEMA | L1: CHAVE | M1: OBS | N1: UUID-MOBILE | O1: Data_vencimento | P1: sem arquivo
A2: 1177057864 | B2: 748260 | C2: 118042718 | D2: 7834988 | E2: 1100 | F2: 46265 | G2: 46266 | H2: 0.041666667 | I2: 46266 | J2: Porta a Porta | L2: 52260847960950110733550070007482601014709427
A3: 1177106130 | B3: 748262 | C3: 118042718 | D3: 7834988 | E3: 1100 | F3: 46265 | G3: 46266 | H3: 0.041666667 | I3: 46266 | J3: Porta a Porta | L3: 52260847960950110733550070007482621067454738
A4: 1177102835 | B4: 748261 | C4: 118042718 | D4: 7834988 | E4: 1100 | F4: 46265 | G4: 46266 | H4: 0.041666667 | I4: 46266 | J4: Porta a Porta | L4: 52260847960950110733550070007482611066183687
A5: 1177085617 | B5: 748244 | C5: 118042718 | D5: 7834988 | E5: 1100 | F5: 46265 | G5: 46266 | H5: 0.041666667 | I5: 46266 | J5: Porta a Porta | L5: 52260847960950110733550070007482441023116987
A6: 1177067401 | B6: 748242 | C6: 118042718 | D6: 7834988 | E6: 1100 | F6: 46265 | G6: 46266 | H6: 0.041666667 | I6: 46266 | J6: Porta a Porta | L6: 52260847960950110733550070007482421023466878
A7: 1177070000 | B7: 748243 | C7: 118042718 | D7: 7834988 | E7: 1100 | F7: 46265 | G7: 46266 | H7: 0.041666667 | I7: 46266 | J7: Porta a Porta | L7: 52260847960950110733550070007482431037037122
A8: 1177039529 | B8: 748259 | C8: 118042718 | D8: 7834988 | E8: 1100 | F8: 46265 | G8: 46266 | H8: 0.041666667 | I8: 46266 | J8: Porta a Porta | L8: 52260847960950110733550070007482591038905870
A9: 1177092201 | B9: 748246 | C9: 118042718 | D9: 7834988 | E9: 1100 | F9: 46265 | G9: 46266 | H9: 0.041666667 | I9: 46266 | J9: Porta a Porta | L9: 52260847960950110733550070007482461076777117
A10: 1177057771 | B10: 748241 | C10: 118042718 | D10: 7834988 | E10: 1100 | F10: 46265 | G10: 46266 | H10: 0.041666667 | I10: 46266 | J10: Porta a Porta | L10: 52260847960950110733550070007482411082212561
A11: 1177086235 | B11: 748245 | C11: 118042718 | D11: 7834988 | E11: 1100 | F11: 46265 | G11: 46266 | H11: 0.041666667 | I11: 46266 | J11: Porta a Porta | L11: 52260847960950110733550070007482451074059821
A12: 1177157044 | B12: 748403 | C12: 118042718 | D12: 7834988 | E12: 1100 | F12: 46265 | G12: 46266 | H12: 0.041666667 | I12: 46266 | J12: Porta a Porta | L12: 52260847960950110733550070007484031081865243
A13: 1177152261 | B13: 748404 | C13: 118042718 | D13: 7834988 | E13: 1100 | F13: 46265 | G13: 46266 | H13: 0.041666667 | I13: 46266 | J13: Porta a Porta | L13: 52260847960950110733550070007484041020328873
... A137: 1177282797 | B137: 749086 | C137: 118044921 | D137: 7834995 | E137: 1100 | F137: 46266 | G137: 46266 | H137: 0.16666667 | I137: 46266 | J137: Porta a Porta | L137: 52260947960950110733550070007490861074559840
A138: 1177289386 | B138: 749087 | C138: 118044921 | D138: 7834995 | E138: 1100 | F138: 46266 | G138: 46266 | H138: 0.16666667 | I138: 46266 | J138: Porta a Porta | L138: 52260947960950110733550070007490871056293823 | M138: Carta de embalagem
A139: 1177271709 | B139: 749085 | C139: 118044921 | D139: 7834995 | E139: 1100 | F139: 46266 | G139: 46266 | H139: 0.16666667 | I139: 46266 | J139: Porta a Porta | L139: 52260947960950110733550070007490851013433955
A140: 1177193818 | B140: 749151 | C140: 118044922 | D140: 7834995 | E140: 1100 | F140: 46266 | G140: 46266 | H140: 0.16666667 | I140: 46266 | J140: Porta a Porta | L140: 52260947960950110733550070007491511089352040 | M140: Carta de embalagem
A141: 1177271449 | B141: 749169 | C141: 118044922 | D141: 7834995 | E141: 1100 | F141: 46266 | G141: 46266 | H141: 0.16666667 | I141: 46266 | J141: Porta a Porta | L141: 52260947960950110733550070007491691057457339
A142: 1177289819 | B142: 749170 | C142: 118044922 | D142: 7834995 | E142: 1100 | F142: 46266 | G142: 46266 | H142: 0.16666667 | I142: 46266 | J142: Porta a Porta | L142: 52260947960950110733550070007491701076430581
A143: 1177265357 | B143: 749176 | C143: 118044922 | D143: 7834995 | E143: 1100 | F143: 46266 | G143: 46266 | H143: 0.16666667 | I143: 46266 | J143: Porta a Porta | L143: 52260947960950110733550070007491761034811572
A144: 1177228248 | B144: 749209 | C144: 118044922 | D144: 7834995 | E144: 1100 | F144: 46266 | G144: 46266 | H144: 0.16666667 | I144: 46266 | J144: Porta a Porta | L144: 52260947960950110733550070007492091035412771
A145: 1177226743 | B145: 749224 | C145: 118044922 | D145: 7834995 | E145: 1100 | F145: 46266 | G145: 46266 | H145: 0.16666667 | I145: 46266 | J145: Porta a Porta | L145: 52260947960950110733550070007492241014974629
A146: 1177230504 | B146: 749225 | C146: 118044922 | D146: 7834995 | E146: 1100 | F146: 46266 | G146: 46266 | H146: 0.16666667 | I146: 46266 | J146: Porta a Porta | L146: 52260947960950110733550070007492251032409099
A147: 1177252453 | B147: 749174 | C147: 118044922 | D147: 7834995 | E147: 1100 | F147: 46266 | G147: 46266 | H147: 0.16666667 | I147: 46266 | J147: Porta a Porta | L147: 52260947960950110733550070007491741073670513
A148: 1177251547 | B148: 749238 | C148: 118044922 | D148: 7834995 | E148: 1100 | F148: 46266 | G148: 46266 | H148: 0.16666667 | I148: 46266 | J148: Porta a Porta | L148: 52260947960950110733550070007492381079388770
A149: 1177240017 | B149: 749201 | C149: 118044922 | D149: 7834995 | E149: 1100 | F149: 46266 | G149: 46266 | H149: 0.16666667 | I149: 46266 | J149: Porta a Porta | L149: 52260947960950110733550070007492011089152753
A150: 1177259376 | B150: 749244 | C150: 118044922 | D150: 7834995 | E150: 1100 | F150: 46266 | G150: 46266 | H150: 0.16666667 | I150: 46266 | J150: Porta a Porta | L150: 52260947960950110733550070007492441059750960
A151: 1177184026 | B151: 749241 | C151: 118044922 | D151: 7834995 | E151: 1100 | F151: 46266 | G151: 46266 | H151: 0.16666667 | I151: 46266 | J151: Porta a Porta | L151: 52260947960950110733550070007492411058043036
A152: 1177218490 | B152: 749242 | C152: 118044922 | D152: 7834995 | E152: 1100 | F152: 46266 | G152: 46266 | H152: 0.16666667 | I152: 46266 | J152: Porta a Porta | L152: 52260947960950110733550070007492421059040526
... A202: 1177221759 | B202: 749220 | C202: 118044922 | D202: 7834995 | E202: 1100 | F202: 46266 | G202: 46266 | H202: 0.16666667 | I202: 46266 | J202: Porta a Porta | L202: 52260947960950110733550070007492201045954868
A203: 1177235625 | B203: 749229 | C203: 118044922 | D203: 7834995 | E203: 1100 | F203: 46266 | G203: 46266 | H203: 0.16666667 | I203: 46266 | J203: Porta a Porta | L203: 52260947960950110733550070007492291014655333 | M203: Carta de embalagem
A204: 1177213397 | B204: 749200 | C204: 118044922 | D204: 7834995 | E204: 1100 | F204: 46266 | G204: 46266 | H204: 0.16666667 | I204: 46266 | J204: Porta a Porta | L204: 52260947960950110733550070007492001027778163
A205: 1177248449 | B205: 749199 | C205: 118044922 | D205: 7834995 | E205: 1100 | F205: 46266 | G205: 46266 | H205: 0.16666667 | I205: 46266 | J205: Porta a Porta | L205: 52260947960950110733550070007491991024223400
A206: 1177244357 | B206: 749234 | C206: 118044922 | D206: 7834995 | E206: 1100 | F206: 46266 | G206: 46266 | H206: 0.16666667 | I206: 46266 | J206: Porta a Porta | L206: 52260947960950110733550070007492341059594341
A207: 1177034101 | B207: 749110 | C207: 118044922 | D207: 7834995 | E207: 1100 | F207: 46266 | G207: 46266 | H207: 0.16666667 | I207: 46266 | J207: Porta a Porta | L207: 52260947960950110733550070007491101036461739
A208: 1177158760 | B208: 749098 | C208: 118044922 | D208: 7834995 | E208: 1100 | F208: 46266 | G208: 46266 | H208: 0.16666667 | I208: 46266 | J208: Porta a Porta | L208: 52260947960950110733550070007490981066151898
A209: 1177197465 | B209: 749109 | C209: 118044922 | D209: 7834995 | E209: 1100 | F209: 46266 | G209: 46266 | H209: 0.16666667 | I209: 46266 | J209: Porta a Porta | L209: 52260947960950110733550070007491091027729197
A210: 1177175872 | B210: 749133 | C210: 118044922 | D210: 7834995 | E210: 1100 | F210: 46266 | G210: 46266 | H210: 0.16666667 | I210: 46266 | J210: Porta a Porta | L210: 52260947960950110733550070007491331025147455
A211: 1177197543 | B211: 749105 | C211: 118044922 | D211: 7834995 | E211: 1100 | F211: 46266 | G211: 46266 | H211: 0.16666667 | I211: 46266 | J211: Porta a Porta | L211: 52260947960950110733550070007491051040296429
A212: 1177168415 | B212: 749101 | C212: 118044922 | D212: 7834995 | E212: 1100 | F212: 46266 | G212: 46266 | H212: 0.16666667 | I212: 46266 | J212: Porta a Porta | L212: 52260947960950110733550070007491011085474122
A213: 1177181810 | B213: 749102 | C213: 118044922 | D213: 7834995 | E213: 1100 | F213: 46266 | G213: 46266 | H213: 0.16666667 | I213: 46266 | J213: Porta a Porta | L213: 52260947960950110733550070007491021080586426
A214: 1177166030 | B214: 749100 | C214: 118044922 | D214: 7834995 | E214: 1100 | F214: 46266 | G214: 46266 | H214: 0.16666667 | I214: 46266 | J214: Porta a Porta | L214: 52260947960950110733550070007491001044246594
A215: 1177172913 | B215: 749128 | C215: 118044922 | D215: 7834995 | E215: 1100 | F215: 46266 | G215: 46266 | H215: 0.16666667 | I215: 46266 | J215: Porta a Porta | L215: 52260947960950110733550070007491281080386121
... A229: 1177246488 | B229: 749236 | C229: 118044922 | D229: 7834995 | E229: 1100 | F229: 46266 | G229: 46266 | H229: 0.16666667 | I229: 46266 | J229: Porta a Porta | L229: 52260947960950110733550070007492361069094230
A230: 1176207186 | B230: 370984 | C230: 118028697 | D230: 7832952 | E230: 590 | F230: 46294 | G230: 46266 | H230: 0.25 | I230: 46266 | J230: Porta a Porta | K230: 1176207186 | L230: 35260847960950089351550130003709841055991280
A231: 1176267472 | B231: 370988 | C231: 118028697 | D231: 7832952 | E231: 590 | F231: 46294 | G231: 46266 | H231: 0.25 | I231: 46266 | J231: Porta a Porta | K231: 1176267472 | L231: 35260847960950089351550130003709881061696340
A232: 1176549680 | B232: 370999 | C232: 118028697 | D232: 7832952 | E232: 590 | F232: 46294 | G232: 46266 | H232: 0.25 | I232: 46266 | J232: Porta a Porta | K232: 1176549680 | L232: 35260847960950089351550130003709991085038495
A233: 1176102492 | B233: 370981 | C233: 118028697 | D233: 7832952 | E233: 590 | F233: 46294 | G233: 46266 | H233: 0.25 | I233: 46266 | J233: Porta a Porta | K233: 1176102492 | L233: 35260847960950089351550130003709811086422952
A234: 1176265065 | B234: 370987 | C234: 118028697 | D234: 7832952 | E234: 590 | F234: 46294 | G234: 46266 | H234: 0.25 | I234: 46266 | J234: Porta a Porta | K234: 1176265065 | L234: 35260847960950089351550130003709871072687782
A235: 1171909816 | B235: 370977 | C235: 118028697 | D235: 7832952 | E235: 590 | F235: 46294 | G235: 46266 | H235: 0.25 | I235: 46266 | J235: Porta a Porta | K235: 1171909816 | L235: 35260847960950089351550130003709771060536672
A236: 1176277144 | B236: 370990 | C236: 118028697 | D236: 7832952 | E236: 590 | F236: 46294 | G236: 46266 | H236: 0.25 | I236: 46266 | J236: Porta a Porta | K236: 1176277144 | L236: 35260847960950089351550130003709901020506677
A237: 1176304245 | B237: 370992 | C237: 118028697 | D237: 7832952 | E237: 590 | F237: 46294 | G237: 46266 | H237: 0.25 | I237: 46266 | J237: Porta a Porta | K237: 1176304245 | L237: 35260847960950089351550130003709921027603893
A238: 1176487690 | B238: 370997 | C238: 118028697 | D238: 7832952 | E238: 590 | F238: 46294 | G238: 46266 | H238: 0.25 | I238: 46266 | J238: Porta a Porta | K238: 1176487690 | L238: 35260847960950089351550130003709971075531089
A239: 1173270189 | B239: 370979 | C239: 118028697 | D239: 7832952 | E239: 590 | F239: 46294 | G239: 46266 | H239: 0.25 | I239: 46266 | J239: Porta a Porta | K239: 1173270189 | L239: 35260847960950089351550130003709791075843546
A240: 1176264984 | B240: 370986 | C240: 118028697 | D240: 7832952 | E240: 590 | F240: 46294 | G240: 46266 | H240: 0.25 | I240: 46266 | J240: Porta a Porta | K240: 1176264984 | L240: 35260847960950089351550130003709861054008537
A241: 1176392132 | B241: 370995 | C241: 118028697 | D241: 7832952 | E241: 590 | F241: 46294 | G241: 46266 | H241: 0.25 | I241: 46266 | J241: Porta a Porta | K241: 1176392132 | L241: 35260847960950089351550130003709951068738868
... A254: 1176591075 | B254: 371001 | C254: 118028697 | D254: 7832952 | E254: 590 | F254: 46294 | G254: 46266 | H254: 0.25 | I254: 46266 | J254: Porta a Porta | K254: 1176591075 | L254: 35260847960950089351550130003710011024450213
A255: 1565070102228704-1 | B255: 16 | C255: 118028982 | D255: 7832952 | E255: 590 | F255: 46294 | G255: 46266 | H255: 0.25 | I255: 46266 | J255: Porta a Porta | K255: 64699993-acaf-43a8-9d25-86e0aa08153b | L255: 35260846518927000208550030000000161178794026 | N255: edb7d273-da5b-474e-851a-40862429b973
A256: 1564070101911558-1 | B256: 12320 | C256: 118028982 | D256: 7832952 | E256: 590 | F256: 46294 | G256: 46266 | H256: 0.25 | I256: 46266 | J256: Porta a Porta | K256: 8349b39a-ce33-4291-beb9-10a4dd54c0ab | L256: 35260820014303000332550090000123201178794020 | N256: 14186648-b8c6-4e38-819e-e54ea91bac16
A257: 1564570102039921-1 | B257: 12318 | C257: 118028982 | D257: 7832952 | E257: 590 | F257: 46294 | G257: 46266 | H257: 0.25 | I257: 46266 | J257: Porta a Porta | K257: d1137452-a475-4d73-bf86-ef9f0d716d73 | L257: 35260820014303000332550090000123181178794021 | N257: 22eb198e-b611-4d29-b609-9fd1ede5ce75
A258: 1564870102180521-1 | B258: 10543 | C258: 118028982 | D258: 7832952 | E258: 590 | F258: 46294 | G258: 46266 | H258: 0.25 | I258: 46266 | J258: Porta a Porta | K258: 4e47428e-fd2f-476b-92ac-15707316e9cc | L258: 35260836514484000134550030000105431178794023 | N258: 1762502f-c022-423d-8f00-0cce44770433
A259: 1564270101939510-1 | B259: 5560 | C259: 118028982 | D259: 7832952 | E259: 590 | F259: 46294 | G259: 46266 | H259: 0.25 | I259: 46266 | J259: Porta a Porta | K259: 97cde6cd-d710-4fb9-a876-af9aa5014e6b | L259: 41260861084710000131550070000055601451914753 | N259: a488f157-8fcc-4188-a5f3-d7404542cf53
A260: 1564670102099953-1 | B260: 292303 | C260: 118028982 | D260: 7832952 | E260: 590 | F260: 46294 | G260: 46266 | H260: 0.25 | I260: 46266 | J260: Porta a Porta | K260: 719c77c2-1b8c-4cc8-84b3-1606016195e0 | L260: 35260800349443000435551000002923031178794029 | N260: 8a025f4f-13af-4769-9492-2b61b058d4bb
A261: 1564370101990890-1 | B261: 1235319 | C261: 118028982 | D261: 7832952 | E261: 590 | F261: 46294 | G261: 46266 | H261: 0.25 | I261: 46266 | J261: Porta a Porta | K261: 09014ad9-e522-47ec-a1fe-75664054b361 | L261: 35260818983263000123550140012353191178794023 | N261: c3e52582-0204-446b-9501-1dc69e1bd463
A262: 1564570102050195-1 | B262: 292298 | C262: 118028982 | D262: 7832952 | E262: 590 | F262: 46294 | G262: 46266 | H262: 0.25 | I262: 46266 | J262: Porta a Porta | K262: af4c7c12-614e-4ed2-be0e-c1988770ff32 | L262: 35260800349443000435551000002922981178794027 | N262: 2b6982ed-6b7e-4178-818f-ba85982b5b42
A263: 1564570102063374-1 | B263: 5563 | C263: 118028982 | D263: 7832952 | E263: 590 | F263: 46294 | G263: 46266 | H263: 0.25 | I263: 46266 | J263: Porta a Porta | K263: aa4e3c67-1302-4915-ba0b-883d18e6a798 | L263: 41260861084710000131550070000055631452266269 | N263: 0b62c525-295d-4f6f-b5b1-f3ce2cb72f7a
A264: 1564670102092178-1 | B264: 97478 | C264: 118028982 | D264: 7832952 | E264: 590 | F264: 46294 | G264: 46266 | H264: 0.25 | I264: 46266 | J264: Porta a Porta | K264: 68a1299d-1dd2-430c-8cca-167d5388ac66 | L264: 35260807884334000114550050000974781178794027 | N264: 680c967c-e048-48b3-9889-5ed9b99e82db
A265: 1565070102236416-1 | B265: 1235321 | C265: 118028982 | D265: 7832952 | E265: 590 | F265: 46294 | G265: 46266 | H265: 0.25 | I265: 46266 | J265: Porta a Porta | K265: d1860d48-83dd-4884-b35c-1be59a9f5afa | L265: 35260818983263000123550140012353211178794021 | N265: 9fdaa639-790d-48ca-a79c-bbf0ef8c223b
A266: 1564870102147475-1 | B266: 292299 | C266: 118028982 | D266: 7832952 | E266: 590 | F266: 46294 | G266: 46266 | H266: 0.25 | I266: 46266 | J266: Porta a Porta | K266: 49f53692-5742-4b5f-b490-7c585a945059 | L266: 35260800349443000435551000002922991178794024 | N266: ba9af8a5-bdb0-49b5-9ae4-58a1deb16a89
... A304: 1564870102174431-1 | B304: 1827 | C304: 118028982 | D304: 7832952 | E304: 590 | F304: 46294 | G304: 46266 | H304: 0.25 | I304: 46266 | J304: Porta a Porta | K304: 2911e515-9a74-4158-a564-f51f262f646f | L304: 35260825295331000127550050000018271178794028 | N304: 6e4f7595-5cd5-4229-ba4c-3233a71cd391
A305: 1175557846 | B305: 910669 | C305: 118028299 | D305: 7832952 | E305: 590 | F305: 46294 | G305: 46266 | H305: 0.25 | I305: 46266 | J305: Porta a Porta | K305: 15bd1dc5-2ed3-4edc-972c-b830c5172546 | L305: 41260847960950177056550050009106691086817681
A306: 1174779205 | B306: 916170 | C306: 118028299 | D306: 7832952 | E306: 590 | F306: 46294 | G306: 46266 | H306: 0.25 | I306: 46266 | J306: Porta a Porta | K306: e8866f43-13c0-4f3f-aede-45ac9b5cb03f | L306: 41260847960950177056550050009161701018218140
A307: 1175507712 | B307: 908996 | C307: 118028299 | D307: 7832952 | E307: 590 | F307: 46294 | G307: 46266 | H307: 0.25 | I307: 46266 | J307: Porta a Porta | K307: b8e53f9e-0801-4098-8abc-50113bcd0c9d | L307: 41260847960950177056550050009089961015614440
A308: 1175640794 | B308: 910675 | C308: 118028299 | D308: 7832952 | E308: 590 | F308: 46294 | G308: 46266 | H308: 0.25 | I308: 46266 | J308: Porta a Porta | K308: f90781d2-80dc-4fa4-b257-90de3f63bc1a | L308: 41260847960950177056550050009106751050259368
A309: 1176128038 | B309: 916179 | C309: 118028299 | D309: 7832952 | E309: 590 | F309: 46294 | G309: 46266 | H309: 0.25 | I309: 46266 | J309: Porta a Porta | K309: 73df4e8d-bc4f-4eb7-8bd6-c6d0b967694d | L309: 41260847960950177056550050009161791066341122
A310: 1175999674 | B310: 913486 | C310: 118028299 | D310: 7832952 | E310: 590 | F310: 46294 | G310: 46266 | H310: 0.25 | I310: 46266 | J310: Porta a Porta | K310: b659ab37-1a8c-4b5e-91bf-bef2e3f96d11 | L310: 41260847960950177056550050009134861073189435
A311: 1175966685 | B311: 913484 | C311: 118028299 | D311: 7832952 | E311: 590 | F311: 46294 | G311: 46266 | H311: 0.25 | I311: 46266 | J311: Porta a Porta | K311: 86472728-adef-4f77-872b-990d48338297 | L311: 41260847960950177056550050009134841010376560
A312: 1175470834 | B312: 908994 | C312: 118028299 | D312: 7832952 | E312: 590 | F312: 46294 | G312: 46266 | H312: 0.25 | I312: 46266 | J312: Porta a Porta | K312: 70bb2b02-b3f5-47c5-aaff-42a01a8a679a | L312: 41260847960950177056550050009089941051447766
A313: 1175572144 | B313: 910673 | C313: 118028299 | D313: 7832952 | E313: 590 | F313: 46294 | G313: 46266 | H313: 0.25 | I313: 46266 | J313: Porta a Porta | K313: 2e23d709-4e79-4862-9213-70d633556ee0 | L313: 41260847960950177056550050009106731055547790
A314: 1176317304 | B314: 75519 | C314: 111111111 | D314: 1111111 | E314: 1090 | F314: 46266 | G314: 46266 | H314: 0.25 | I314: 46267 | J314: ABELHINHA | L314: 52260847960950111977550010000755191085961537
A315: 1177416634 | B315: 750790 | C315: 118051624 | D315: 7836363 | E315: 1100 | F315: 46267 | G315: 46267 | H315: 0.041666667 | I315: 46267 | J315: Porta a Porta | L315: 52260947960950110733550070007507901037109326
A316: 1177400873 | B316: 750774 | C316: 118051624 | D316: 7836363 | E316: 1100 | F316: 46267 | G316: 46267 | H316: 0.041666667 | I316: 46267 | J316: Porta a Porta | L316: 52260947960950110733550070007507741070613433 | M316: Carta de embalagem
A317: 1177397656 | B317: 750783 | C317: 118051624 | D317: 7836363 | E317: 1100 | F317: 46267 | G317: 46267 | H317: 0.041666667 | I317: 46267 | J317: Porta a Porta | L317: 52260947960950110733550070007507831084493701
A318: 1177376621 | B318: 750781 | C318: 118051624 | D318: 7836363 | E318: 1100 | F318: 46267 | G318: 46267 | H318: 0.041666667 | I318: 46267 | J318: Porta a Porta | L318: 52260947960950110733550070007507811084206562
A319: 1177415103 | B319: 750795 | C319: 118051624 | D319: 7836363 | E319: 1100 | F319: 46267 | G319: 46267 | H319: 0.041666667 | I319: 46267 | J319: Porta a Porta | L319: 52260947960950110733550070007507951012383560
A320: 1177412128 | B320: 750791 | C320: 118051624 | D320: 7836363 | E320: 1100 | F320: 46267 | G320: 46267 | H320: 0.041666667 | I320: 46267 | J320: Porta a Porta | L320: 52260947960950110733550070007507911029552981
A321: 1177413149 | B321: 750792 | C321: 118051624 | D321: 7836363 | E321: 1100 | F321: 46267 | G321: 46267 | H321: 0.041666667 | I321: 46267 | J321: Porta a Porta | L321: 52260947960950110733550070007507921018415314
A322: 1177374353 | B322: 750769 | C322: 118051624 | D322: 7836363 | E322: 1100 | F322: 46267 | G322: 46267 | H322: 0.041666667 | I322: 46267 | J322: Porta a Porta | L322: 52260947960950110733550070007507691055372676
A323: 1177393867 | B323: 750772 | C323: 118051624 | D323: 7836363 | E323: 1100 | F323: 46267 | G323: 46267 | H323: 0.041666667 | I323: 46267 | J323: Porta a Porta | L323: 52260947960950110733550070007507721080742215
A324: 1177394057 | B324: 750782 | C324: 118051624 | D324: 7836363 | E324: 1100 | F324: 46267 | G324: 46267 | H324: 0.041666667 | I324: 46267 | J324: Porta a Porta | L324: 52260947960950110733550070007507821083594841
A325: 1177405931 | B325: 750768 | C325: 118051624 | D325: 7836363 | E325: 1100 | F325: 46267 | G325: 46267 | H325: 0.041666667 | I325: 46267 | J325: Porta a Porta | L325: 52260947960950110733550070007507681030852189
A326: 1177360702 | B326: 750780 | C326: 118051624 | D326: 7836363 | E326: 1100 | F326: 46267 | G326: 46267 | H326: 0.041666667 | I326: 46267 | J326: Porta a Porta | L326: 52260947960950110733550070007507801030687700
A327: 1177377029 | B327: 750766 | C327: 118051624 | D327: 7836363 | E327: 1100 | F327: 46267 | G327: 46267 | H327: 0.041666667 | I327: 46267 | J327: Porta a Porta | L327: 52260947960950110733550070007507661010416222
A328: 1177390360 | B328: 750770 | C328: 118051624 | D328: 7836363 | E328: 1100 | F328: 46267 | G328: 46267 | H328: 0.041666667 | I328: 46267 | J328: Porta a Porta | L328: 52260947960950110733550070007507701012750742
... A342: 1177446150 | B342: 750902 | C342: 118051625 | D342: 7836363 | E342: 1100 | F342: 46267 | G342: 46267 | H342: 0.041666667 | I342: 46267 | J342: Porta a Porta | L342: 52260947960950110733550070007509021065710410
A343: 1177408063 | B343: 750860 | C343: 118051625 | D343: 7836363 | E343: 1100 | F343: 46267 | G343: 46267 | H343: 0.041666667 | I343: 46267 | J343: Porta a Porta | L343: 52260947960950110733550070007508601052173737 | M343: Carta de embalagem
A344: 1177428579 | B344: 750896 | C344: 118051625 | D344: 7836363 | E344: 1100 | F344: 46267 | G344: 46267 | H344: 0.041666667 | I344: 46267 | J344: Porta a Porta | L344: 52260947960950110733550070007508961056191317
A345: 1177383377 | B345: 750837 | C345: 118051625 | D345: 7836363 | E345: 1100 | F345: 46267 | G345: 46267 | H345: 0.041666667 | I345: 46267 | J345: Porta a Porta | L345: 52260947960950110733550070007508371075950782
A346: 1177383363 | B346: 750812 | C346: 118051625 | D346: 7836363 | E346: 1100 | F346: 46267 | G346: 46267 | H346: 0.041666667 | I346: 46267 | J346: Porta a Porta | L346: 52260947960950110733550070007508121051397952
A347: 1177442308 | B347: 750870 | C347: 118051625 | D347: 7836363 | E347: 1100 | F347: 46267 | G347: 46267 | H347: 0.041666667 | I347: 46267 | J347: Porta a Porta | L347: 52260947960950110733550070007508701057332031
...
